{"centerline": [[48.4651, 24.5002], [48.46484544155877, 24.500368808586387], [48.46446779016515, 24.50053266545423], [48.46399088311754, 24.500537617172768], [48.463630883117524, 24.500537617172768], [48.46315088311752, 24.500537617172768], [48.462670883117504, 24.500537617172768], [48.462325223169486, 24.50051465920502], [48.461971471862526, 24.50031253905759], [48.461632060607556, 24.500087460942414], [48.46137750216633, 24.499918652356023], [48.46103809091136, 24.499693574240847], [48.46069867965639, 24.49946849612567], [48.46032102826277, 24.499304639257815], [48.45996412121515, 24.499299687539285], [48.45948412121514, 24.499299687539285], [48.45900412121514, 24.499299687539285], [48.45865846126712, 24.499322645507036], [48.45830470996016, 24.499524765654463], [48.457972086930276, 24.4997517083778], [48.45778948367511, 24.499940281810662], [48.45753492523389, 24.500188667527816], [48.45728036679265, 24.500437053244976], [48.45711744939026, 24.500631034041497], [48.45699797662852, 24.500916525461], [48.456777359312795, 24.50117423421895], [48.45655742081957, 24.501432129437713], [48.45652280087157, 24.501661351328426], [48.45643115983272, 24.50195448764138], [48.45626213302774, 24.502226367421333], [48.45615555789369, 24.502435824465568], [48.45584397836162, 24.502668547474194], [48.45549022705466, 24.502870667621625], [48.45514456710665, 24.502893625589373], [48.45466456710663, 24.502893625589373], [48.454184848284115, 24.5028940757456], [48.453863486067775, 24.502955033297518], [48.45359836762655, 24.50319641622717], [48.45326574459668, 24.503423358950503], [48.45292633334171, 24.50364843706568]], "left_edge": [[48.46519929309097, 24.50042579013857], [48.46492910352518, 24.500608567400466], [48.46450260763964, 24.500798454740682], [48.463991946104464, 24.500808537858553], [48.463630883117524, 24.5008085426006], [48.46315088311752, 24.5008085426006], [48.46266588943187, 24.50080843792813], [48.462270185626075, 24.50077255921439], [48.461877209470686, 24.50054318034085], [48.46153276751659, 24.500313251080986], [48.46127820907536, 24.500144442494594], [48.46093879782039, 24.49991936437942], [48.46061301999928, 24.49970664547242], [48.460280789050515, 24.499568682016008], [48.459963058228226, 24.49957060822507], [48.45948412121514, 24.499570612967116], [48.45900911490077, 24.499570508294646], [48.45871349881053, 24.499580545516405], [48.45839994334875, 24.49975449808661], [48.458084872162246, 24.49996259804588], [48.457916494619305, 24.500131899403], [48.45766039697949, 24.500382577343583], [48.45741103000018, 24.500623002906284], [48.457272257336854, 24.500768524430146], [48.45715025552044, 24.501060294952175], [48.45691395089576, 24.5013502297263], [48.456716651585026, 24.501557609311057], [48.45669743401686, 24.50172500455248], [48.456594297797196, 24.502067982098275], [48.45641804640492, 24.50236098740364], [48.45628609507163, 24.502621975300944], [48.45594226976629, 24.502895332056568], [48.45554526459807, 24.50312856763099], [48.455149560792286, 24.503164446344734], [48.454664651377215, 24.5031645509874], [48.45419858019509, 24.503164208665176], [48.45394580963549, 24.50319584331337], [48.45370917239987, 24.503409679897974], [48.453366016421874, 24.503648163379538], [48.45302562643268, 24.503874227204253]], "right_edge": [[48.46500070690903, 24.499974209861428], [48.464761779592365, 24.50012904977231], [48.464432972690666, 24.500266876167778], [48.463989820130614, 24.50026669648698], [48.463630883117524, 24.500266691744937], [48.46315088311752, 24.500266691744937], [48.46267587680314, 24.500266796417407], [48.4623802607129, 24.50025675919565], [48.46206573425437, 24.50008189777433], [48.461731353698525, 24.499861670803842], [48.4614767952573, 24.49969286221745], [48.46113738400233, 24.499467784102276], [48.4607843393135, 24.49923034677892], [48.46036126747502, 24.499040596499622], [48.459965184202076, 24.4990287668535], [48.45948412121514, 24.499028762111454], [48.4589991275295, 24.499028866783924], [48.45860342372371, 24.499064745497666], [48.45820947657157, 24.499295033222317], [48.457859301698306, 24.499540818709722], [48.45766247273091, 24.499748664218323], [48.45740945348828, 24.49999475771205], [48.457149703585124, 24.50025110358367], [48.45696264144367, 24.500493543652848], [48.456845697736604, 24.500772755969827], [48.45664076772983, 24.500998238711603], [48.45639819005412, 24.50130664956437], [48.456348167726276, 24.501597698104373], [48.45626802186824, 24.501840993184487], [48.456106219650565, 24.502091747439025], [48.45602502071574, 24.502249673630192], [48.45574568695695, 24.50244176289182], [48.45543518951125, 24.50261276761226], [48.455139573421015, 24.50262280483401], [48.45466448283605, 24.502622700191345], [48.45417111637314, 24.502623942826027], [48.45378116250006, 24.502714223281664], [48.453487562853226, 24.502983152556364], [48.45316547277148, 24.503198554521468], [48.45282704025074, 24.50342264692711]],