{"centerline": [[48.4649, 24.5009], [48.4645, 24.4995], [48.4641, 24.4971], [48.4637, 24.4955], [48.463300000000004, 24.4969], [48.4629, 24.500700000000002], [48.4625, 24.5041], [48.4621, 24.505300000000002], [48.4617, 24.5057], [48.4613, 24.5059], [48.4609, 24.5059], [48.4605, 24.5059], [48.4601, 24.5061], [48.4597, 24.5061], [48.4593, 24.5059], [48.4587, 24.5047], [48.4583, 24.5031], [48.4579, 24.500700000000002], [48.4575, 24.4983], [48.457100000000004, 24.4973], [48.4567, 24.4965], [48.4563, 24.4957], [48.4559, 24.4955], [48.4555, 24.4955], [48.4551, 24.4953], [48.4547, 24.496100000000002], [48.4543, 24.4969], [48.4539, 24.497500000000002], [48.4535, 24.4981], [48.4529, 24.5003]], "left_edge": [[48.4649, 24.5001], [48.4645, 24.4987], [48.4641, 24.4963], [48.4637, 24.4947], [48.463300000000004, 24.496100000000002], [48.4629, 24.4999], [48.4625, 24.5033], [48.4621, 24.5045], [48.4617, 24.5049], [48.4613, 24.505100000000002], [48.4609, 24.505100000000002], [48.4605, 24.505100000000002], [48.4601, 24.505300000000002], [48.4597, 24.505300000000002], [48.4593, 24.505100000000002], [48.4587, 24.5039], [48.4583, 24.5023], [48.4579, 24.4999], [48.4575, 24.497500000000002], [48.457100000000004, 24.4965], [48.4567, 24.4957], [48.4563, 24.4949], [48.4559, 24.4947], [48.4555, 24.4947], [48.4551, 24.494500000000002], [48.4547, 24.4953], [48.4543, 24.496100000000002], [48.4539, 24.4967], [48.4535, 24.4973], [48.4529, 24.4995]], "right_edge": [[48.4649, 24.5017], [48.4645, 24.5003], [48.4641, 24.4979], [48.4637, 24.4963], [48.463300000000004, 24.497700000000002], [48.4629, 24.5015], [48.4625, 24.5049], [48.4621, 24.5061], [48.4617, 24.506500000000003], [48.4613, 24.506700000000002], [48.4609, 24.506700000000002], [48.4605, 24.506700000000002], [48.4601, 24.5069], [48.4597, 24.5069], [48.4593, 24.506700000000002], [48.4587, 24.5055], [48.4583, 24.5039], [48.4579, 24.5015], [48.4575, 24.499100000000002], [48.457100000000004, 24.4981], [48.4567, 24.4973], [48.4563, 24.4965], [48.4559, 24.4963], [48.4555, 24.4963], [48.4551, 24.496100000000002], [48.4547, 24.4969], [48.4543, 24.497700000000002], [48.4539, 24.4983], [48.4535, 24.498900000000003], [48.4529, 24.5011]], "polygon": [[48.4649, 24.5001], [48.4645, 24.4987], [48.4641, 24.4963], [48.4637, 24.4947], [48.463300000000004, 24.496100000000002], [48.4629, 24.4999], [48.4625, 24.5033], [48.4621, 24.5045], [48.4617, 24.5049], [48.4613, 24.505100000000002], [48.4609, 24.505100000000002], [48.4605, 24.505100000000002], [48.4601, 24.505300000000002], [48.4597, 24.505300000000002], [48.4593, 24.505100000000002], [48.4587, 24.5039], [48.4583, 24.5023], [48.4579, 24.4999], [48.4575, 24.497500000000002], [48.457100000000004, 24.4965], [48.4567, 24.4957], [48.4563, 24.4949], [48.4559, 24.4947], [48.4555, 24.4947], [48.4551, 24.494500000000002], [48.4547, 24.4953], [48.4543, 24.496100000000002], [48.4539, 24.4967], [48.4535, 24.4973], [48.4529, 24.4995], [48.4529, 24.5011], [48.4535, 24.498900000000003], [48.4539, 24.4983], [48.4543, 24.497700000000002], [48.4547, 24.4969], [48.4551, 24.496100000000002], [48.4555, 24.4963], [48.4559, 24.4963], [48.4563, 24.4965], [48.4567, 24.4973], [48.457100000000004, 24.4981], [48.4575, 24.499100000000002], [48.4579, 24.5015], [48.4583, 24.5039], [48.4587, 24.5055], [48.4593, 24.506700000000002], [48.4597, 24.5069], [48.4601, 24.5069], [48.4605, 24.506700000000002], [48.4609, 24.506700000000002], [48.4613, 24.506700000000002], [48.4617, 24.506500000000003], [48.4621, 24.5061], [48.4625, 24.5049], [48.4629, 24.5015], [48.463300000000004, 24.497700000000002], [48.4637, 24.4963], [48.4641, 24.4979], [48.4645, 24.5003], [48.4649, 24.5017], [48.4649, 24.5001]], "segments": [{"from": [48.4649, 24.5009], "to": [48.4645, 24.4995], "slope": 7.5, "elev_from": 1205, "elev_to": 1197}, {"from": [48.4645, 24.4995], "to": [48.4641, 24.4971], "slope": 11.2, "elev_from": 1197, "elev_to": 1176}, {"from": [48.4641, 24.4971], "to": [48.4637, 24.4955], "slope": 5.3, "elev_from": 1176, "elev_to": 1169}, {"from": [48.4637, 24.4955], "to": [48.463300000000004, 24.4969], "slope": 17.6, "elev_from": 1169, "elev_to": 1150}, {"from": [48.463300000000004, 24.4969], "to": [48.4629, 24.500700000000002], "slope": 1.3, "elev_from": 1150, "elev_to": 1153}, {"from": [48.4629, 24.500700000000002], "to": [48.4625, 24.5041], "slope": 9.0, "elev_from": 1153, "elev_to": 1131}, {"from": [48.4625, 24.5041], "to": [48.4621, 24.505300000000002], "slope": 26.5, "elev_from": 1131, "elev_to": 1104}, {"from": [48.4621, 24.505300000000002], "to": [48.4617, 24.5057], "slope": 34.0, "elev_from": 1104, "elev_to": 1086}, {"from": [48.4617, 24.5057], "to": [48.4613, 24.5059], "slope": 24.2, "elev_from": 1086, "elev_to": 1075}, {"from": [48.4613, 24.5059], "to": [48.4609, 24.5059], "slope": 9.7, "elev_from": 1075, "elev_to": 1071}, {"from": [48.4609, 24.5059], "to": [48.4605, 24.5059], "slope": 11.3, "elev_from": 1071, "elev_to": 1066}, {"from": [48.4605, 24.5059], "to": [48.4601, 24.5061], "slope": 22.4, "elev_from": 1066, "elev_to": 1055}, {"from": [48.4601, 24.5061], "to": [48.4597, 24.5061], "slope": 15.5, "elev_from": 1055, "elev_to": 1048}, {"from": [48.4597, 24.5061], "to": [48.4593, 24.5059], "slope": 14.4, "elev_from": 1048, "elev_to": 1041}, {"from": [48.4593, 24.5059], "to": [48.4587, 24.5047], "slope": 11.4, "elev_from": 1041, "elev_to": 1029}, {"from": [48.4587, 24.5047], "to": [48.4583, 24.5031], "slope": 15.5, "elev_from": 1029, "elev_to": 1009}, {"from": [48.4583, 24.5031], "to": [48.4579, 24.500700000000002], "slope": 11.9, "elev_from": 1009, "elev_to": 987}, {"from": [48.4579, 24.500700000000002], "to": [48.4575, 24.4983], "slope": 19.6, "elev_from": 987, "elev_to": 1023}, {"from": [48.4575, 24.4983], "to": [48.457100000000004, 24.4973], "slope": 5.2, "elev_from": 1023, "elev_to": 1019}, {"from": [48.457100000000004, 24.4973], "to": [48.4567, 24.4965], "slope": 18.9, "elev_from": 1019, "elev_to": 1005}, {"from": [48.4567, 24.4965], "to": [48.4563, 24.4957], "slope": 19.9, "elev_from": 1005, "elev_to": 990}, {"from": [48.4563, 24.4957], "to": [48.4559, 24.4955], "slope": 31.9, "elev_from": 990, "elev_to": 975}, {"from": [48.4559, 24.4955], "to": [48.4555, 24.4955], "slope": 29.3, "elev_from": 975, "elev_to": 962}, {"from": [48.4555, 24.4955], "to": [48.4551, 24.4953], "slope": 31.1, "elev_from": 962, "elev_to": 948}, {"from": [48.4551, 24.4953], "to": [48.4547, 24.496100000000002], "slope": 12.5, "elev_from": 948, "elev_to": 938}, {"from": [48.4547, 24.496100000000002], "to": [48.4543, 24.4969], "slope": 9.8, "elev_from": 938, "elev_to": 931}, {"from": [48.4543, 24.4969], "to": [48.4539, 24.497500000000002], "slope": 19.4, "elev_from": 931, "elev_to": 919}, {"from": [48.4539, 24.497500000000002], "to": [48.4535, 24.4981], "slope": 10.2, "elev_from": 919, "elev_to": 912}, {"from": [48.4535, 24.4981], "to": [48.4529, 24.5003], "slope": 6.1, "elev_from": 912, "elev_to": 923}], "length": 2923, "drop": 281, "avg_slope": 15.9, "max_slope": 34.0, "top": 1205, "bot": 923, "width": 120}