{"centerline": [[48.465, 24.505300000000002], [48.4647, 24.5001], [48.4643, 24.500400000000003], [48.464, 24.5014], [48.4636, 24.4994], [48.463300000000004, 24.4984], [48.4629, 24.5018], [48.4626, 24.4984], [48.4622, 24.4985], [48.4619, 24.5034], [48.4615, 24.5042], [48.4612, 24.499200000000002], [48.4608, 24.4984], [48.4605, 24.5029], [48.4601, 24.5025], [48.4598, 24.5026], [48.4594, 24.5018], [48.459, 24.5001], [48.4587, 24.4968], [48.4583, 24.4954], [48.458, 24.4963], [48.4576, 24.503500000000003], [48.457300000000004, 24.5056], [48.4569, 24.5029], [48.4566, 24.5013], [48.4562, 24.503700000000002], [48.4559, 24.5034], [48.4555, 24.5031], [48.4552, 24.5028], [48.4548, 24.5016], [48.4545, 24.5011], [48.454100000000004, 24.5], [48.4538, 24.499200000000002], [48.4534, 24.4986], [48.453, 24.4953]], "left_edge": [[48.465, 24.5045], [48.4647, 24.4993], [48.4643, 24.4996], [48.464, 24.500600000000002], [48.4636, 24.4986], [48.463300000000004, 24.497600000000002], [48.4629, 24.501], [48.4626, 24.497600000000002], [48.4622, 24.497700000000002], [48.4619, 24.5026], [48.4615, 24.5034], [48.4612, 24.4984], [48.4608, 24.497600000000002], [48.4605, 24.502100000000002], [48.4601, 24.5017], [48.4598, 24.5018], [48.4594, 24.501], [48.459, 24.4993], [48.4587, 24.496000000000002], [48.4583, 24.494600000000002], [48.458, 24.4955], [48.4576, 24.5027], [48.457300000000004, 24.5048], [48.4569, 24.502100000000002], [48.4566, 24.500500000000002], [48.4562, 24.5029], [48.4559, 24.5026], [48.4555, 24.5023], [48.4552, 24.502000000000002], [48.4548, 24.5008], [48.4545, 24.5003], [48.454100000000004, 24.499200000000002], [48.4538, 24.4984], [48.4534, 24.4978], [48.453, 24.494500000000002]], "right_edge": [[48.465, 24.5061], [48.4647, 24.5009], [48.4643, 24.5012], [48.464, 24.502200000000002], [48.4636, 24.5002], [48.463300000000004, 24.499200000000002], [48.4629, 24.5026], [48.4626, 24.499200000000002], [48.4622, 24.4993], [48.4619, 24.5042], [48.4615, 24.505000000000003], [48.4612, 24.5], [48.4608, 24.499200000000002], [48.4605, 24.503700000000002], [48.4601, 24.5033], [48.4598, 24.5034], [48.4594, 24.5026], [48.459, 24.5009], [48.4587, 24.497600000000002], [48.4583, 24.4962], [48.458, 24.4971], [48.4576, 24.5043], [48.457300000000004, 24.5064], [48.4569, 24.503700000000002], [48.4566, 24.502100000000002], [48.4562, 24.5045], [48.4559, 24.5042], [48.4555, 24.5039], [48.4552, 24.503600000000002], [48.4548, 24.5024], [48.4545, 24.501900000000003], [48.454100000000004, 24.5008], [48.4538, 24.5], [48.4534, 24.4994], [48.453, 24.496100000000002]], "polygon": [[48.465, 24.5045], [48.4647, 24.4993], [48.4643, 24.4996], [48.464, 24.500600000000002], [48.4636, 24.4986], [48.463300000000004, 24.497600000000002], [48.4629, 24.501], [48.4626, 24.497600000000002], [48.4622, 24.497700000000002], [48.4619, 24.5026], [48.4615, 24.5034], [48.4612, 24.4984], [48.4608, 24.497600000000002], [48.4605, 24.502100000000002], [48.4601, 24.5017], [48.4598, 24.5018], [48.4594, 24.501], [48.459, 24.4993], [48.4587, 24.496000000000002], [48.4583, 24.494600000000002], [48.458, 24.4955], [48.4576, 24.5027], [48.457300000000004, 24.5048], [48.4569, 24.502100000000002], [48.4566, 24.500500000000002], [48.4562, 24.5029], [48.4559, 24.5026], [48.4555, 24.5023], [48.4552, 24.502000000000002], [48.4548, 24.5008], [48.4545, 24.5003], [48.454100000000004, 24.499200000000002], [48.4538, 24.4984], [48.4534, 24.4978], [48.453, 24.494500000000002], [48.453, 24.496100000000002], [48.4534, 24.4994], [48.4538, 24.5], [48.454100000000004, 24.5008], [48.4545, 24.501900000000003], [48.4548, 24.5024], [48.4552, 24.503600000000002], [48.4555, 24.5039], [48.4559, 24.5042], [48.4562, 24.5045], [48.4566, 24.502100000000002], [48.4569, 24.503700000000002], [48.457300000000004, 24.5064], [48.4576, 24.5043], [48.458, 24.4971], [48.4583, 24.4962], [48.4587, 24.497600000000002], [48.459, 24.5009], [48.4594, 24.5026], [48.4598, 24.5034], [48.4601, 24.5033], [48.4605, 24.503700000000002], [48.4608, 24.499200000000002], [48.4612, 24.5], [48.4615, 24.505000000000003], [48.4619, 24.5042], [48.4622, 24.4993], [48.4626, 24.499200000000002], [48.4629, 24.5026], [48.463300000000004, 24.499200000000002], [48.4636, 24.5002], [48.464, 24.502200000000002], [48.4643, 24.5012], [48.4647, 24.5009], [48.465, 24.5061], [48.465, 24.5045]], "segments": [{"from": [48.465, 24.505300000000002], "to": [48.4647, 24.5001], "slope": 16.1, "elev_from": 1142, "elev_to": 1204, "in_range": true}, {"from": [48.4647, 24.5001], "to": [48.4643, 24.500400000000003], "slope": 18.2, "elev_from": 1204, "elev_to": 1195, "in_range": true}, {"from": [48.4643, 24.500400000000003], "to": [48.464, 24.5014], "slope": 6.9, "elev_from": 1195, "elev_to": 1189, "in_range": false}, {"from": [48.464, 24.5014], "to": [48.4636, 24.4994], "slope": 13.8, "elev_from": 1189, "elev_to": 1168, "in_range": false}, {"from": [48.4636, 24.4994], "to": [48.463300000000004, 24.4984], "slope": 21.6, "elev_from": 1168, "elev_to": 1150, "in_range": true}, {"from": [48.463300000000004, 24.4984], "to": [48.4629, 24.5018], "slope": 2.3, "elev_from": 1150, "elev_to": 1156, "in_range": false}, {"from": [48.4629, 24.5018], "to": [48.4626, 24.4984], "slope": 12.0, "elev_from": 1156, "elev_to": 1126, "in_range": false}, {"from": [48.4626, 24.4984], "to": [48.4622, 24.4985], "slope": 30.3, "elev_from": 1126, "elev_to": 1112, "in_range": false}, {"from": [48.4622, 24.4985], "to": [48.4619, 24.5034], "slope": 2.1, "elev_from": 1112, "elev_to": 1120, "in_range": false}, {"from": [48.4619, 24.5034], "to": [48.4615, 24.5042], "slope": 21.3, "elev_from": 1120, "elev_to": 1104, "in_range": true}, {"from": [48.4615, 24.5042], "to": [48.4612, 24.499200000000002], "slope": 6.4, "elev_from": 1104, "elev_to": 1081, "in_range": false}, {"from": [48.4612, 24.499200000000002], "to": [48.4608, 24.4984], "slope": 21.7, "elev_from": 1081, "elev_to": 1065, "in_range": true}, {"from": [48.4608, 24.4984], "to": [48.4605, 24.5029], "slope": 6.1, "elev_from": 1065, "elev_to": 1085, "in_range": false}, {"from": [48.4605, 24.5029], "to": [48.4601, 24.5025], "slope": 24.0, "elev_from": 1085, "elev_to": 1072, "in_range": true}, {"from": [48.4601, 24.5025], "to": [48.4598, 24.5026], "slope": 30.1, "elev_from": 1072, "elev_to": 1062, "in_range": false}, {"from": [48.4598, 24.5026], "to": [48.4594, 24.5018], "slope": 25.6, "elev_from": 1062, "elev_to": 1043, "in_range": false}, {"from": [48.4594, 24.5018], "to": [48.459, 24.5001], "slope": 17.4, "elev_from": 1043, "elev_to": 1020, "in_range": true}, {"from": [48.459, 24.5001], "to": [48.4587, 24.4968], "slope": 17.2, "elev_from": 1020, "elev_to": 1062, "in_range": true}, {"from": [48.4587, 24.4968], "to": [48.4583, 24.4954], "slope": 5.2, "elev_from": 1062, "elev_to": 1056, "in_range": false}, {"from": [48.4583, 24.4954], "to": [48.458, 24.4963], "slope": 11.8, "elev_from": 1056, "elev_to": 1048, "in_range": false}, {"from": [48.458, 24.4963], "to": [48.4576, 24.503500000000003], "slope": 11.7, "elev_from": 1048, "elev_to": 985, "in_range": false}, {"from": [48.4576, 24.503500000000003], "to": [48.457300000000004, 24.5056], "slope": 4.9, "elev_from": 985, "elev_to": 993, "in_range": false}, {"from": [48.457300000000004, 24.5056], "to": [48.4569, 24.5029], "slope": 17.7, "elev_from": 993, "elev_to": 957, "in_range": true}, {"from": [48.4569, 24.5029], "to": [48.4566, 24.5013], "slope": 2.3, "elev_from": 957, "elev_to": 954, "in_range": false}, {"from": [48.4566, 24.5013], "to": [48.4562, 24.503700000000002], "slope": 7.1, "elev_from": 954, "elev_to": 941, "in_range": false}, {"from": [48.4562, 24.503700000000002], "to": [48.4559, 24.5034], "slope": 23.6, "elev_from": 941, "elev_to": 931, "in_range": true}, {"from": [48.4559, 24.5034], "to": [48.4555, 24.5031], "slope": 23.8, "elev_from": 931, "elev_to": 920, "in_range": true}, {"from": [48.4555, 24.5031], "to": [48.4552, 24.5028], "slope": 16.6, "elev_from": 920, "elev_to": 913, "in_range": true}, {"from": [48.4552, 24.5028],