{"centerline": [[48.465, 24.4963], [48.4647, 24.499000000000002], [48.4643, 24.503700000000002], [48.464, 24.503800000000002], [48.4636, 24.5041], [48.463300000000004, 24.5041], [48.4629, 24.502100000000002], [48.4626, 24.4968], [48.4622, 24.4948], [48.4619, 24.4948], [48.4615, 24.495900000000002], [48.4612, 24.4982], [48.4608, 24.503600000000002], [48.4605, 24.502000000000002], [48.4601, 24.497700000000002], [48.4598, 24.4972], [48.4594, 24.4995], [48.459, 24.5041], [48.4587, 24.5], [48.4583, 24.495800000000003], [48.458, 24.4966], [48.4576, 24.5039], [48.457300000000004, 24.5061], [48.4569, 24.5061], [48.4566, 24.5055], [48.4562, 24.505100000000002], [48.4559, 24.505100000000002], [48.4555, 24.5045], [48.4552, 24.503800000000002], [48.4548, 24.503500000000003], [48.4545, 24.503], [48.454100000000004, 24.5011], [48.4538, 24.4998], [48.4534, 24.4987], [48.453, 24.495800000000003]], "left_edge": [[48.465, 24.4955], [48.4647, 24.4982], [48.4643, 24.5029], [48.464, 24.503], [48.4636, 24.5033], [48.463300000000004, 24.5033], [48.4629, 24.5013], [48.4626, 24.496000000000002], [48.4622, 24.494], [48.4619, 24.494], [48.4615, 24.4951], [48.4612, 24.497400000000003], [48.4608, 24.5028], [48.4605, 24.5012], [48.4601, 24.4969], [48.4598, 24.4964], [48.4594, 24.4987], [48.459, 24.5033], [48.4587, 24.499200000000002], [48.4583, 24.495], [48.458, 24.495800000000003], [48.4576, 24.5031], [48.457300000000004, 24.505300000000002], [48.4569, 24.505300000000002], [48.4566, 24.5047], [48.4562, 24.5043], [48.4559, 24.5043], [48.4555, 24.503700000000002], [48.4552, 24.503], [48.4548, 24.5027], [48.4545, 24.502200000000002], [48.454100000000004, 24.5003], [48.4538, 24.499000000000002], [48.4534, 24.4979], [48.453, 24.495]], "right_edge": [[48.465, 24.4971], [48.4647, 24.4998], [48.4643, 24.5045], [48.464, 24.5046], [48.4636, 24.5049], [48.463300000000004, 24.5049], [48.4629, 24.5029], [48.4626, 24.497600000000002], [48.4622, 24.4956], [48.4619, 24.4956], [48.4615, 24.4967], [48.4612, 24.499000000000002], [48.4608, 24.5044], [48.4605, 24.5028], [48.4601, 24.4985], [48.4598, 24.498], [48.4594, 24.5003], [48.459, 24.5049], [48.4587, 24.5008], [48.4583, 24.4966], [48.458, 24.497400000000003], [48.4576, 24.5047], [48.457300000000004, 24.5069], [48.4569, 24.5069], [48.4566, 24.5063], [48.4562, 24.5059], [48.4559, 24.5059], [48.4555, 24.505300000000002], [48.4552, 24.5046], [48.4548, 24.5043], [48.4545, 24.503800000000002], [48.454100000000004, 24.501900000000003], [48.4538, 24.500600000000002], [48.4534, 24.4995], [48.453, 24.4966]], "polygon": [[48.465, 24.4955], [48.4647, 24.4982], [48.4643, 24.5029], [48.464, 24.503], [48.4636, 24.5033], [48.463300000000004, 24.5033], [48.4629, 24.5013], [48.4626, 24.496000000000002], [48.4622, 24.494], [48.4619, 24.494], [48.4615, 24.4951], [48.4612, 24.497400000000003], [48.4608, 24.5028], [48.4605, 24.5012], [48.4601, 24.4969], [48.4598, 24.4964], [48.4594, 24.4987], [48.459, 24.5033], [48.4587, 24.499200000000002], [48.4583, 24.495], [48.458, 24.495800000000003], [48.4576, 24.5031], [48.457300000000004, 24.505300000000002], [48.4569, 24.505300000000002], [48.4566, 24.5047], [48.4562, 24.5043], [48.4559, 24.5043], [48.4555, 24.503700000000002], [48.4552, 24.503], [48.4548, 24.5027], [48.4545, 24.502200000000002], [48.454100000000004, 24.5003], [48.4538, 24.499000000000002], [48.4534, 24.4979], [48.453, 24.495], [48.453, 24.4966], [48.4534, 24.4995], [48.4538, 24.500600000000002], [48.454100000000004, 24.501900000000003], [48.4545, 24.503800000000002], [48.4548, 24.5043], [48.4552, 24.5046], [48.4555, 24.505300000000002], [48.4559, 24.5059], [48.4562, 24.5059], [48.4566, 24.5063], [48.4569, 24.5069], [48.457300000000004, 24.5069], [48.4576, 24.5047], [48.458, 24.497400000000003], [48.4583, 24.4966], [48.4587, 24.5008], [48.459, 24.5049], [48.4594, 24.5003], [48.4598, 24.498], [48.4601, 24.4985], [48.4605, 24.5028], [48.4608, 24.5044], [48.4612, 24.499000000000002], [48.4615, 24.4967], [48.4619, 24.4956], [48.4622, 24.4956], [48.4626, 24.497600000000002], [48.4629, 24.5029], [48.463300000000004, 24.5049], [48.4636, 24.5049], [48.464, 24.5046], [48.4643, 24.5045], [48.4647, 24.4998], [48.465, 24.4971], [48.465, 24.4955]], "segments": [{"from": [48.465, 24.4963], "to": [48.4647, 24.499000000000002], "slope": 0.8, "elev_from": 1200, "elev_to": 1198, "in_range": false}, {"from": [48.4647, 24.499000000000002], "to": [48.4643, 24.503700000000002], "slope": 7.1, "elev_from": 1198, "elev_to": 1174, "in_range": false}, {"from": [48.4643, 24.503700000000002], "to": [48.464, 24.503800000000002], "slope": 21.0, "elev_from": 1174, "elev_to": 1166, "in_range": false}, {"from": [48.464, 24.503800000000002], "to": [48.4636, 24.5041], "slope": 26.9, "elev_from": 1166, "elev_to": 1153, "in_range": false}, {"from": [48.4636, 24.5041], "to": [48.463300000000004, 24.5041], "slope": 18.1, "elev_from": 1153, "elev_to": 1147, "in_range": true}, {"from": [48.463300000000004, 24.5041], "to": [48.4629, 24.502100000000002], "slope": 6.1, "elev_from": 1147, "elev_to": 1156, "in_range": false}, {"from": [48.4629, 24.502100000000002], "to": [48.4626, 24.4968], "slope": 7.3, "elev_from": 1156, "elev_to": 1128, "in_range": false}, {"from": [48.4626, 24.4968], "to": [48.4622, 24.4948], "slope": 8.1, "elev_from": 1128, "elev_to": 1140, "in_range": false}, {"from": [48.4622, 24.4948], "to": [48.4619, 24.4948], "slope": 16.6, "elev_from": 1140, "elev_to": 1135, "in_range": true}, {"from": [48.4619, 24.4948], "to": [48.4615, 24.495900000000002], "slope": 19.2, "elev_from": 1135, "elev_to": 1117, "in_range": true}, {"from": [48.4615, 24.495900000000002], "to": [48.4612, 24.4982], "slope": 22.3, "elev_from": 1117, "elev_to": 1078, "in_range": false}, {"from": [48.4612, 24.4982], "to": [48.4608, 24.503600000000002], "slope": 2.8, "elev_from": 1078, "elev_to": 1090, "in_range": false}, {"from": [48.4608, 24.503600000000002], "to": [48.4605, 24.502000000000002], "slope": 6.3, "elev_from": 1090, "elev_to": 1082, "in_range": false}, {"from": [48.4605, 24.502000000000002], "to": [48.4601, 24.497700000000002], "slope": 6.4, "elev_from": 1082, "elev_to": 1061, "in_range": false}, {"from": [48.4601, 24.497700000000002], "to": [48.4598, 24.4972], "slope": 14.9, "elev_from": 1061, "elev_to": 1069, "in_range": true}, {"from": [48.4598, 24.4972], "to": [48.4594, 24.4995], "slope": 23.6, "elev_from": 1069, "elev_to": 1027, "in_range": false}, {"from": [48.4594, 24.4995], "to": [48.459, 24.5041], "slope": 3.2, "elev_from": 1027, "elev_to": 1038, "in_range": false}, {"from": [48.459, 24.5041], "to": [48.4587, 24.5], "slope": 9.3, "elev_from": 1038, "elev_to": 1010, "in_range": false}, {"from": [48.4587, 24.5], "to": [48.4583, 24.495800000000003], "slope": 14.8, "elev_from": 1010, "elev_to": 1056, "in_range": true}, {"from": [48.4583, 24.495800000000003], "to": [48.458, 24.4966], "slope": 14.2, "elev_from": 1056, "elev_to": 1047, "in_range": true}, {"from": [48.458, 24.4966], "to": [48.4576, 24.5039], "slope": 10.7, "elev_from": 1047, "elev_to": 989, "in_range": true}, {"from": [48.4576, 24.5039], "to": [48.457300000000004, 24.5061], "slope": 3.6, "elev_from": 989, "elev_to": 995, "in_range": false}, {"from": [48.457300000000004, 24.5061], "to": [48.4569, 24.5061], "slope": 17.1, "elev_from": 995, "elev_to": 987, "in_range": true}, {"from": [48.4569, 24.5061], "to": [48.4566, 24.5055], "slope": 23.1, "elev_from": 987, "elev_to": 974, "in_range": false}, {"from": [48.4566, 24.5055], "to": [48.4562, 24.505100000000002], "slope": 24.1, "elev_from": 974, "elev_to": 962, "in_range": false}, {"from": [48.4562, 24.505100000000002], "to": [48.4559, 24.505100000000002], "slope": 16.4, "elev_from": 962, "elev_to": 956, "in_range": true}, {"from": [48.4559, 24.505100000000002], "to": [48.4555, 24.5045], "slope": 26.2, "elev_from": 956, "elev_to": 940, "in_range": false}, {"from": [48.4555, 24.5045], "to": [48.4552, 24.503800000000002], "slope": 28.6, "elev_from": 940, "elev_to": 922,