{"centerline": [[48.465, 24.495900000000002], [48.4647, 24.502100000000002], [48.4643, 24.5043], [48.464, 24.505100000000002], [48.4636, 24.505300000000002], [48.463300000000004, 24.505100000000002], [48.4629, 24.5054], [48.4626, 24.5056], [48.4622, 24.502000000000002], [48.4619, 24.5003], [48.4615, 24.500400000000003], [48.4612, 24.502000000000002], [48.4608, 24.5048], [48.4605, 24.5002], [48.4601, 24.496100000000002], [48.4598, 24.4965], [48.4594, 24.4971], [48.459, 24.497500000000002], [48.4587, 24.4978], [48.4583, 24.5012], [48.458, 24.505200000000002], [48.4576, 24.5032], [48.457300000000004, 24.5041], [48.4569, 24.5063], [48.4566, 24.5063], [48.4562, 24.506], [48.4559, 24.5055], [48.4555, 24.5055], [48.4552, 24.505000000000003], [48.4548, 24.504], [48.4545, 24.5033], [48.454100000000004, 24.502000000000002], [48.4538, 24.500600000000002], [48.4534, 24.4971], [48.453, 24.4956]], "left_edge": [[48.465, 24.4951], [48.4647, 24.5013], [48.4643, 24.503500000000003], [48.464, 24.5043], [48.4636, 24.5045], [48.463300000000004, 24.5043], [48.4629, 24.5046], [48.4626, 24.5048], [48.4622, 24.5012], [48.4619, 24.4995], [48.4615, 24.4996], [48.4612, 24.5012], [48.4608, 24.504], [48.4605, 24.4994], [48.4601, 24.4953], [48.4598, 24.4957], [48.4594, 24.4963], [48.459, 24.4967], [48.4587, 24.497], [48.4583, 24.500400000000003], [48.458, 24.5044], [48.4576, 24.5024], [48.457300000000004, 24.5033], [48.4569, 24.5055], [48.4566, 24.5055], [48.4562, 24.505200000000002], [48.4559, 24.5047], [48.4555, 24.5047], [48.4552, 24.5042], [48.4548, 24.5032], [48.4545, 24.5025], [48.454100000000004, 24.5012], [48.4538, 24.4998], [48.4534, 24.4963], [48.453, 24.4948]], "right_edge": [[48.465, 24.4967], [48.4647, 24.5029], [48.4643, 24.505100000000002], [48.464, 24.5059], [48.4636, 24.5061], [48.463300000000004, 24.5059], [48.4629, 24.5062], [48.4626, 24.5064], [48.4622, 24.5028], [48.4619, 24.5011], [48.4615, 24.5012], [48.4612, 24.5028], [48.4608, 24.5056], [48.4605, 24.501], [48.4601, 24.4969], [48.4598, 24.4973], [48.4594, 24.4979], [48.459, 24.4983], [48.4587, 24.4986], [48.4583, 24.502000000000002], [48.458, 24.506], [48.4576, 24.504], [48.457300000000004, 24.5049], [48.4569, 24.5071], [48.4566, 24.5071], [48.4562, 24.506800000000002], [48.4559, 24.5063], [48.4555, 24.5063], [48.4552, 24.5058], [48.4548, 24.5048], [48.4545, 24.5041], [48.454100000000004, 24.5028], [48.4538, 24.5014], [48.4534, 24.4979], [48.453, 24.4964]], "polygon": [[48.465, 24.4951], [48.4647, 24.5013], [48.4643, 24.503500000000003], [48.464, 24.5043], [48.4636, 24.5045], [48.463300000000004, 24.5043], [48.4629, 24.5046], [48.4626, 24.5048], [48.4622, 24.5012], [48.4619, 24.4995], [48.4615, 24.4996], [48.4612, 24.5012], [48.4608, 24.504], [48.4605, 24.4994], [48.4601, 24.4953], [48.4598, 24.4957], [48.4594, 24.4963], [48.459, 24.4967], [48.4587, 24.497], [48.4583, 24.500400000000003], [48.458, 24.5044], [48.4576, 24.5024], [48.457300000000004, 24.5033], [48.4569, 24.5055], [48.4566, 24.5055], [48.4562, 24.505200000000002], [48.4559, 24.5047], [48.4555, 24.5047], [48.4552, 24.5042], [48.4548, 24.5032], [48.4545, 24.5025], [48.454100000000004, 24.5012], [48.4538, 24.4998], [48.4534, 24.4963], [48.453, 24.4948], [48.453, 24.4964], [48.4534, 24.4979], [48.4538, 24.5014], [48.454100000000004, 24.5028], [48.4545, 24.5041], [48.4548, 24.5048], [48.4552, 24.5058], [48.4555, 24.5063], [48.4559, 24.5063], [48.4562, 24.506800000000002], [48.4566, 24.5071], [48.4569, 24.5071], [48.457300000000004, 24.5049], [48.4576, 24.504], [48.458, 24.506], [48.4583, 24.502000000000002], [48.4587, 24.4986], [48.459, 24.4983], [48.4594, 24.4979], [48.4598, 24.4973], [48.4601, 24.4969], [48.4605, 24.501], [48.4608, 24.5056], [48.4612, 24.5028], [48.4615, 24.5012], [48.4619, 24.5011], [48.4622, 24.5028], [48.4626, 24.5064], [48.4629, 24.5062], [48.463300000000004, 24.5059], [48.4636, 24.5061], [48.464, 24.5059], [48.4643, 24.505100000000002], [48.4647, 24.5029], [48.465, 24.4967], [48.465, 24.4951]], "segments": [{"from": [48.465, 24.495900000000002], "to": [48.4647, 24.502100000000002], "slope": 0.6, "elev_from": 1199, "elev_to": 1201, "in_range": false}, {"from": [48.4647, 24.502100000000002], "to": [48.4643, 24.5043], "slope": 25.7, "elev_from": 1201, "elev_to": 1158, "in_range": false}, {"from": [48.4643, 24.5043], "to": [48.464, 24.505100000000002], "slope": 33.2, "elev_from": 1158, "elev_to": 1136, "in_range": false}, {"from": [48.464, 24.505100000000002], "to": [48.4636, 24.505300000000002], "slope": 25.4, "elev_from": 1136, "elev_to": 1124, "in_range": false}, {"from": [48.4636, 24.505300000000002], "to": [48.463300000000004, 24.505100000000002], "slope": 9.5, "elev_from": 1124, "elev_to": 1127, "in_range": true}, {"from": [48.463300000000004, 24.505100000000002], "to": [48.4629, 24.5054], "slope": 27.9, "elev_from": 1127, "elev_to": 1113, "in_range": false}, {"from": [48.4629, 24.5054], "to": [48.4626, 24.5056], "slope": 23.0, "elev_from": 1113, "elev_to": 1105, "in_range": false}, {"from": [48.4626, 24.5056], "to": [48.4622, 24.502000000000002], "slope": 10.9, "elev_from": 1105, "elev_to": 1134, "in_range": true}, {"from": [48.4622, 24.502000000000002], "to": [48.4619, 24.5003], "slope": 17.5, "elev_from": 1134, "elev_to": 1112, "in_range": false}, {"from": [48.4619, 24.5003], "to": [48.4615, 24.500400000000003], "slope": 25.4, "elev_from": 1112, "elev_to": 1100, "in_range": false}, {"from": [48.4615, 24.500400000000003], "to": [48.4612, 24.502000000000002], "slope": 1.0, "elev_from": 1100, "elev_to": 1101, "in_range": false}, {"from": [48.4612, 24.502000000000002], "to": [48.4608, 24.5048], "slope": 8.8, "elev_from": 1101, "elev_to": 1083, "in_range": true}, {"from": [48.4608, 24.5048], "to": [48.4605, 24.5002], "slope": 5.1, "elev_from": 1083, "elev_to": 1065, "in_range": true}, {"from": [48.4605, 24.5002], "to": [48.4601, 24.496100000000002], "slope": 9.7, "elev_from": 1065, "elev_to": 1095, "in_range": true}, {"from": [48.4601, 24.496100000000002], "to": [48.4598, 24.4965], "slope": 23.1, "elev_from": 1095, "elev_to": 1085, "in_range": false}, {"from": [48.4598, 24.4965], "to": [48.4594, 24.4971], "slope": 26.8, "elev_from": 1085, "elev_to": 1068, "in_range": false}, {"from": [48.4594, 24.4971], "to": [48.459, 24.497500000000002], "slope": 24.8, "elev_from": 1068, "elev_to": 1055, "in_range": false}, {"from": [48.459, 24.497500000000002], "to": [48.4587, 24.4978], "slope": 27.0, "elev_from": 1055, "elev_to": 1044, "in_range": false}, {"from": [48.4587, 24.4978], "to": [48.4583, 24.5012], "slope": 16.3, "elev_from": 1044, "elev_to": 1002, "in_range": false}, {"from": [48.4583, 24.5012], "to": [48.458, 24.505200000000002], "slope": 2.7, "elev_from": 1002, "elev_to": 1010, "in_range": false}, {"from": [48.458, 24.505200000000002], "to": [48.4576, 24.5032], "slope": 17.4, "elev_from": 1010, "elev_to": 984, "in_range": false}, {"from": [48.4576, 24.5032], "to": [48.457300000000004, 24.5041], "slope": 3.8, "elev_from": 984, "elev_to": 981, "in_range": false}, {"from": [48.457300000000004, 24.5041], "to": [48.4569, 24.5063], "slope": 5.6, "elev_from": 981, "elev_to": 990, "in_range": true}, {"from": [48.4569, 24.5063], "to": [48.4566, 24.5063], "slope": 13.4, "elev_from": 990, "elev_to": 986, "in_range": true}, {"from": [48.4566, 24.5063], "to": [48.4562, 24.506], "slope": 18.2, "elev_from": 986, "elev_to": 977, "in_range": false}, {"from": [48.4562, 24.506], "to": [48.4559, 24.5055], "slope": 26.6, "elev_from": 977, "elev_to": 963, "in_range": false}, {"from": [48.4559, 24.5055], "to": [48.4555, 24.5055], "slope": 14.5, "elev_from": 963, "elev_to": 957, "in_range": true}, {"from": [48.4555, 24.5055], "to": [48.4552, 24.505000000000003], "slope": 23.8, "elev_from": 957, "elev_to": 945, "in_range": false}, {"from": [48.4552, 24.505000000000003], "to": [48.4548, 24.504], "slope": 28.6, "elev_from": 945, "elev_to": 921, "in_range": false}, {"from": [48.4548, 24.504], "to": [48.4545, 24.5033], "slope": 31.1, "elev_from": 921,