{"centerline": [[48.4649, 24.4995], [48.4645, 24.4997], [48.4641, 24.4997], [48.4637, 24.4995], [48.463300000000004, 24.499100000000002], [48.4629, 24.499100000000002], [48.4625, 24.499100000000002], [48.4621, 24.499100000000002], [48.4617, 24.499100000000002], [48.4613, 24.499100000000002], [48.4609, 24.4995], [48.4605, 24.4999], [48.4601, 24.5001], [48.4597, 24.4997], [48.4593, 24.4985], [48.4587, 24.4981], [48.4583, 24.4985], [48.4579, 24.4993], [48.4575, 24.4999], [48.457100000000004, 24.5001], [48.4567, 24.5003], [48.4563, 24.5003], [48.4559, 24.5003], [48.4555, 24.5003], [48.4551, 24.5009], [48.4547, 24.501900000000003], [48.4543, 24.5023], [48.4539, 24.5023], [48.4535, 24.502100000000002], [48.4529, 24.5009]], "left_edge": [[48.4649, 24.4987], [48.4645, 24.498900000000003], [48.4641, 24.498900000000003], [48.4637, 24.4987], [48.463300000000004, 24.4983], [48.4629, 24.4983], [48.4625, 24.4983], [48.4621, 24.4983], [48.4617, 24.4983], [48.4613, 24.4983], [48.4609, 24.4987], [48.4605, 24.499100000000002], [48.4601, 24.4993], [48.4597, 24.498900000000003], [48.4593, 24.497700000000002], [48.4587, 24.4973], [48.4583, 24.497700000000002], [48.4579, 24.4985], [48.4575, 24.499100000000002], [48.457100000000004, 24.4993], [48.4567, 24.4995], [48.4563, 24.4995], [48.4559, 24.4995], [48.4555, 24.4995], [48.4551, 24.5001], [48.4547, 24.5011], [48.4543, 24.5015], [48.4539, 24.5015], [48.4535, 24.5013], [48.4529, 24.5001]], "right_edge": [[48.4649, 24.5003], [48.4645, 24.500500000000002], [48.4641, 24.500500000000002], [48.4637, 24.5003], [48.463300000000004, 24.4999], [48.4629, 24.4999], [48.4625, 24.4999], [48.4621, 24.4999], [48.4617, 24.4999], [48.4613, 24.4999], [48.4609, 24.5003], [48.4605, 24.500700000000002], [48.4601, 24.5009], [48.4597, 24.500500000000002], [48.4593, 24.4993], [48.4587, 24.498900000000003], [48.4583, 24.4993], [48.4579, 24.5001], [48.4575, 24.500700000000002], [48.457100000000004, 24.5009], [48.4567, 24.5011], [48.4563, 24.5011], [48.4559, 24.5011], [48.4555, 24.5011], [48.4551, 24.5017], [48.4547, 24.5027], [48.4543, 24.5031], [48.4539, 24.5031], [48.4535, 24.5029], [48.4529, 24.5017]], "polygon": [[48.4649, 24.4987], [48.4645, 24.498900000000003], [48.4641, 24.498900000000003], [48.4637, 24.4987], [48.463300000000004, 24.4983], [48.4629, 24.4983], [48.4625, 24.4983], [48.4621, 24.4983], [48.4617, 24.4983], [48.4613, 24.4983], [48.4609, 24.4987], [48.4605, 24.499100000000002], [48.4601, 24.4993], [48.4597, 24.498900000000003], [48.4593, 24.497700000000002], [48.4587, 24.4973], [48.4583, 24.497700000000002], [48.4579, 24.4985], [48.4575, 24.499100000000002], [48.457100000000004, 24.4993], [48.4567, 24.4995], [48.4563, 24.4995], [48.4559, 24.4995], [48.4555, 24.4995], [48.4551, 24.5001], [48.4547, 24.5011], [48.4543, 24.5015], [48.4539, 24.5015], [48.4535, 24.5013], [48.4529, 24.5001], [48.4529, 24.5017], [48.4535, 24.5029], [48.4539, 24.5031], [48.4543, 24.5031], [48.4547, 24.5027], [48.4551, 24.5017], [48.4555, 24.5011], [48.4559, 24.5011], [48.4563, 24.5011], [48.4567, 24.5011], [48.457100000000004, 24.5009], [48.4575, 24.500700000000002], [48.4579, 24.5001], [48.4583, 24.4993], [48.4587, 24.498900000000003], [48.4593, 24.4993], [48.4597, 24.500500000000002], [48.4601, 24.5009], [48.4605, 24.500700000000002], [48.4609, 24.5003], [48.4613, 24.4999], [48.4617, 24.4999], [48.4621, 24.4999], [48.4625, 24.4999], [48.4629, 24.4999], [48.463300000000004, 24.4999], [48.4637, 24.5003], [48.4641, 24.500500000000002], [48.4645, 24.500500000000002], [48.4649, 24.5003], [48.4649, 24.4987]], "segments": [{"from": [48.4649, 24.4995], "to": [48.4645, 24.4997], "slope": 15.7, "elev_from": 1205, "elev_to": 1198}, {"from": [48.4645, 24.4997], "to": [48.4641, 24.4997], "slope": 22.7, "elev_from": 1198, "elev_to": 1187}, {"from": [48.4641, 24.4997], "to": [48.4637, 24.4995], "slope": 31.9, "elev_from": 1187, "elev_to": 1173}, {"from": [48.4637, 24.4995], "to": [48.463300000000004, 24.499100000000002], "slope": 33.8, "elev_from": 1173, "elev_to": 1154}, {"from": [48.463300000000004, 24.499100000000002], "to": [48.4629, 24.499100000000002], "slope": 32.0, "elev_from": 1154, "elev_to": 1140}, {"from": [48.4629, 24.499100000000002], "to": [48.4625, 24.499100000000002], "slope": 30.8, "elev_from": 1140, "elev_to": 1127}, {"from": [48.4625, 24.499100000000002], "to": [48.4621, 24.499100000000002], "slope": 35.0, "elev_from": 1127, "elev_to": 1111}, {"from": [48.4621, 24.499100000000002], "to": [48.4617, 24.499100000000002], "slope": 27.8, "elev_from": 1111, "elev_to": 1099}, {"from": [48.4617, 24.499100000000002], "to": [48.4613, 24.499100000000002], "slope": 33.8, "elev_from": 1099, "elev_to": 1083}, {"from": [48.4613, 24.499100000000002], "to": [48.4609, 24.4995], "slope": 17.7, "elev_from": 1083, "elev_to": 1074}, {"from": [48.4609, 24.4995], "to": [48.4605, 24.4999], "slope": 19.7, "elev_from": 1074, "elev_to": 1063}, {"from": [48.4605, 24.4999], "to": [48.4601, 24.5001], "slope": 27.2, "elev_from": 1063, "elev_to": 1051}, {"from": [48.4601, 24.5001], "to": [48.4597, 24.4997], "slope": 28.4, "elev_from": 1051, "elev_to": 1036}, {"from": [48.4597, 24.4997], "to": [48.4593, 24.4985], "slope": 3.1, "elev_from": 1036, "elev_to": 1032}, {"from": [48.4593, 24.4985], "to": [48.4587, 24.4981], "slope": 1.3, "elev_from": 1032, "elev_to": 1033}, {"from": [48.4587, 24.4981], "to": [48.4583, 24.4985], "slope": 25.2, "elev_from": 1033, "elev_to": 1020}, {"from": [48.4583, 24.4985], "to": [48.4579, 24.4993], "slope": 28.1, "elev_from": 1020, "elev_to": 999}, {"from": [48.4579, 24.4993], "to": [48.4575, 24.4999], "slope": 25.5, "elev_from": 999, "elev_to": 983}, {"from": [48.4575, 24.4999], "to": [48.457100000000004, 24.5001], "slope": 15.2, "elev_from": 983, "elev_to": 976}, {"from": [48.457100000000004, 24.5001], "to": [48.4567, 24.5003], "slope": 4.7, "elev_from": 976, "elev_to": 974}, {"from": [48.4567, 24.5003], "to": [48.4563, 24.5003], "slope": 3.3, "elev_from": 974, "elev_to": 975}, {"from": [48.4563, 24.5003], "to": [48.4559, 24.5003], "slope": 2.0, "elev_from": 975, "elev_to": 976}, {"from": [48.4559, 24.5003], "to": [48.4555, 24.5003], "slope": 11.0, "elev_from": 976, "elev_to": 971}, {"from": [48.4555, 24.5003], "to": [48.4551, 24.5009], "slope": 27.6, "elev_from": 971, "elev_to": 954}, {"from": [48.4551, 24.5009], "to": [48.4547, 24.501900000000003], "slope": 45.2, "elev_from": 954, "elev_to": 915}, {"from": [48.4547, 24.501900000000003], "to": [48.4543, 24.5023], "slope": 35.1, "elev_from": 915, "elev_to": 896}, {"from": [48.4543, 24.5023], "to": [48.4539, 24.5023], "slope": 5.9, "elev_from": 896, "elev_to": 894}, {"from": [48.4539, 24.5023], "to": [48.4535, 24.502100000000002], "slope": 9.2, "elev_from": 894, "elev_to": 898}, {"from": [48.4535, 24.502100000000002], "to": [48.4529, 24.5009], "slope": 22.2, "elev_from": 898, "elev_to": 923}], "length": 1616, "drop": 282, "avg_slope": 21.4, "max_slope": 45.2, "top": 1205, "bot": 922, "width": 120, "source_segments": 1779, "category": "BLUE (15-25%)"}